Node,Cost,Previous
A,0,
B,4.177408577655159,A
C,1.14112662458193,A
D,4.785805742562843,A
E,5.494488630885009,B
F,3.5602219278191134,C
G,7.236045457117362,D
H,7.7430607231071145,E
I,5.330861386244622,F
J,10.17325340767124,G
K,8.677355361254941,I
L,6.5310333245208945,I
M,13.028563050173835,K
N,8.253992988789133,L
O,9.792334485216234,N
